{"accuracy": 0.9649122807017544, "f1_macro": 0.9623015873015872}